__time,/debug/enable_control,/debug/fire,/debug/pitch,/debug/pitch_gimbal,/debug/target_pitch,/debug/target_yaw,/debug/yaw,/debug/yaw_gimbal
1764763372.528575,1.000000000,1.000000000,-0.045006290,-0.037257504,-0.045006290,-0.196934626,-0.196934626,-0.199637532
1764763372.539264,1.000000000,1.000000000,-0.044253502,-0.037273768,-0.044253502,-0.195427939,-0.195427939,-0.199686050
1764763372.550264,1.000000000,1.000000000,-0.044232246,-0.037302207,-0.044232246,-0.195318773,-0.195318773,-0.199656367
1764763372.560968,1.000000000,1.000000000,-0.044211045,-0.037337989,-0.044211045,-0.195209786,-0.195209786,-0.199418545
1764763372.572087,1.000000000,1.000000000,-0.043763075,-0.037381966,-0.043763075,-0.194849283,-0.194849283,-0.199116588
1764763372.582674,1.000000000,1.000000000,-0.043723449,-0.037379544,-0.043723449,-0.194720820,-0.194720820,-0.198892951
1764763372.593604,1.000000000,1.000000000,-0.043653335,-0.037382264,-0.043653335,-0.195337743,-0.195337743,-0.198567152
1764763372.604652,1.000000000,1.000000000,-0.043612774,-0.037373964,-0.043612774,-0.195243150,-0.195243150,-0.198343158
1764763372.615868,1.000000000,1.000000000,-0.044055715,-0.037398554,-0.044055715,-0.196944475,-0.196944475,-0.198077559
1764763372.626607,1.000000000,1.000000000,-0.044035859,-0.037462529,-0.044035859,-0.196943030,-0.196943030,-0.197973490
1764763372.637905,1.000000000,1.000000000,-0.043879848,-0.037431479,-0.043879844,-0.196600661,-0.196600661,-0.197963238
1764763372.648939,1.000000000,1.000000000,-0.043853864,-0.037407324,-0.043853864,-0.196575776,-0.196575776,-0.198001385
1764763372.659863,1.000000000,1.000000000,-0.043848563,-0.037400246,-0.043848563,-0.196399957,-0.196399957,-0.198040962
1764763372.670887,1.000000000,1.000000000,-0.043823723,-0.037383262,-0.043823723,-0.196368039,-0.196368039,-0.198157430
1764763372.681705,1.000000000,1.000000000,-0.044126596,-0.037401371,-0.044126596,-0.197045818,-0.197045818,-0.198141694
1764763372.692526,1.000000000,1.000000000,-0.044116147,-0.037448298,-0.044116147,-0.197048247,-0.197048247,-0.198137164
1764763372.703099,1.000000000,1.000000000,-0.044105832,-0.037460864,-0.044105832,-0.197050646,-0.197050646,-0.198188901
1764763372.714251,1.000000000,1.000000000,-0.044008456,-0.037449643,-0.044008456,-0.197238222,-0.197238222,-0.198197007
1764763372.724984,1.000000000,1.000000000,-0.043993846,-0.037443768,-0.043993846,-0.197248414,-0.197248414,-0.198223591
1764763372.735813,1.000000000,1.000000000,-0.044203587,-0.037474476,-0.044203587,-0.198116884,-0.198116884,-0.198273420
1764763372.746992,1.000000000,1.000000000,-0.044198528,-0.037489381,-0.044198528,-0.198166087,-0.198166087,-0.198291779
1764763372.758010,1.000000000,1.000000000,-0.044115543,-0.037498932,-0.044115543,-0.197934031,-0.197934031,-0.198295474
1764763372.768864,1.000000000,1.000000000,-0.044106867,-0.037478697,-0.044106867,-0.197970822,-0.197970822,-0.198407888
1764763372.779909,1.000000000,1.000000000,-0.044050720,-0.037471328,-0.044050720,-0.197827294,-0.197827294,-0.198599696
1764763372.790791,1.000000000,1.000000000,-0.044039894,-0.037501317,-0.044039894,-0.197855547,-0.197855547,-0.198651910
1764763372.801819,1.000000000,1.000000000,-0.044047244,-0.037561554,-0.044047244,-0.197755143,-0.197755143,-0.198626757
1764763372.812534,1.000000000,1.000000000,-0.044037219,-0.037539680,-0.044037219,-0.197777256,-0.197777256,-0.198799253
1764763372.823052,1.000000000,1.000000000,-0.044027276,-0.037553739,-0.044027276,-0.197799176,-0.197799176,-0.198807359
1764763372.834207,1.000000000,1.000000000,-0.044046152,-0.037529152,-0.044046152,-0.197737724,-0.197737724,-0.198751807
1764763372.845055,1.000000000,1.000000000,-0.044037044,-0.037545785,-0.044037044,-0.197756812,-0.197756812,-0.198863983
1764763372.856107,1.000000000,1.000000000,-0.044066314,-0.037617270,-0.044066314,-0.197729066,-0.197729066,-0.198861241
1764763372.866734,1.000000000,1.000000000,-0.044058837,-0.037606832,-0.044058837,-0.197746262,-0.197746262,-0.198827028
1764763372.877763,1.000000000,1.000000000,-0.044174615,-0.037553955,-0.044174615,-0.196277663,-0.196277663,-0.198921680
1764763372.888813,1.000000000,1.000000000,-0.044172708,-0.037547924,-0.044172708,-0.196221679,-0.196221679,-0.198857903
1764763372.899911,1.000000000,1.000000000,-0.044211358,-0.037590846,-0.044211358,-0.195581943,-0.195581943,-0.198873878
1764763372.910367,1.000000000,1.000000000,-0.044211507,-0.037597813,-0.044211507,-0.195495799,-0.195495799,-0.198897600
1764763372.920974,1.000000000,1.000000000,-0.044211701,-0.037576333,-0.044211701,-0.195411384,-0.195411384,-0.198727965
1764763372.931950,1.000000000,1.000000000,-0.044847477,-0.037567846,-0.044847477,-0.197787836,-0.197787836,-0.198562503
1764763372.942721,1.000000000,1.000000000,-0.044875260,-0.037567668,-0.044875260,-0.197828189,-0.197828189,-0.198487520
1764763372.954090,1.000000000,1.000000000,-0.045579851,-0.037579998,-0.045579851,-0.199516207,-0.199516207,-0.198311090
1764763372.965075,1.000000000,1.000000000,-0.045639586,-0.037511762,-0.045639586,-0.199642956,-0.199642956,-0.198321462
1764763372.976314,1.000000000,1.000000000,-0.045049146,-0.037478283,-0.045049146,-0.197527885,-0.197527885,-0.198523402
1764763372.987575,1.000000000,1.000000000,-0.045079589,-0.037455563,-0.045079589,-0.197545990,-0.197545990,-0.198602676
1764763372.998493,1.000000000,1.000000000,-0.044946652,-0.037408739,-0.044946652,-0.197713137,-0.197713137,-0.198830009
1764763373.009393,1.000000000,1.000000000,-0.044969734,-0.037454356,-0.044969734,-0.197737202,-0.197737202,-0.199047446
1764763373.020627,1.000000000,1.000000000,-0.044850424,-0.037493397,-0.044850424,-0.197483867,-0.197483867,-0.199024439
1764763373.031567,1.000000000,1.000000000,-0.044867214,-0.037468370,-0.044867214,-0.197494864,-0.197494864,-0.199109197
1764763373.042312,1.000000000,1.000000000,-0.044476692,-0.037486743,-0.044476692,-0.197104901,-0.197104901,-0.199132919
1764763373.053632,1.000000000,1.000000000,-0.044474412,-0.037501398,-0.044474412,-0.197093606,-0.197093606,-0.198948145
1764763373.064538,1.000000000,1.000000000,-0.044269882,-0.037428804,-0.044269882,-0.197117999,-0.197117999,-0.198916078
1764763373.075685,1.000000000,1.000000000,-0.044258393,-0.037432328,-0.044258393,-0.197106004,-0.197106004,-0.198952675
1764763373.086577,1.000000000,1.000000000,-0.043654118,-0.037493408,-0.043654118,-0.193925515,-0.193925515,-0.198898315
1764763373.097610,1.000000000,1.000000000,-0.043616451,-0.037479226,-0.043616451,-0.193761796,-0.193761796,-0.198846698
1764763373.108266,1.000000000,1.000000000,-0.043676291,-0.037503541,-0.043676291,-0.193890095,-0.193890095,-0.198822021
1764763373.119413,1.000000000,1.000000000,-0.043643083,-0.037554003,-0.043643083,-0.193734676,-0.193734676,-0.198642850
1764763373.130476,1.000000000,1.000000000,-0.043609973,-0.037533887,-0.043609973,-0.193579584,-0.193579584,-0.198251486
1764763373.141349,1.000000000,1.000000000,-0.043754149,-0.037547007,-0.043754149,-0.193924829,-0.193924829,-0.197888613
1764763373.152306,1.000000000,1.000000000,-0.043728147,-0.037567805,-0.043728147,-0.193782032,-0.193782032,-0.197661877
1764763373.163328,1.000000000,1.000000000,-0.044045363,-0.037575077,-0.044045363,-0.195639446,-0.195639446,-0.197387695
1764763373.174087,1.000000000,1.000000000,-0.044034395,-0.037545964,-0.044034395,-0.195591927,-0.195591927,-0.197172284
1764763373.185424,1.000000000,1.000000000,-0.044243149,-0.037523471,-0.044243149,-0.196854651,-0.196854651,-0.197147250
1764763373.196777,1.000000000,1.000000000,-0.044344336,-0.037565071,-0.044344336,-0.197525665,-0.197525665,-0.197144151
1764763373.207911,1.000000000,1.000000000,-0.044347916,-0.037557341,-0.044347916,-0.197576329,-0.197576329,-0.197135687
1764763373.218215,1.000000000,1.000000000,-0.044351459,-0.037529681,-0.044351459,-0.197626427,-0.197626427,-0.197367191
1764763373.229171,1.000000000,1.000000000,-0.044016339,-0.037546761,-0.044016339,-0.197287649,-0.197287649,-0.197694898
1764763373.240097,1.000000000,1.000000000,-0.044005070,-0.037543871,-0.044005070,-0.197315946,-0.197315946,-0.197882652
1764763373.251157,1.000000000,1.000000000,-0.044472255,-0.037548684,-0.044472255,-0.198933840,-0.198933840,-0.197901130
1764763373.262126,1.000000000,1.000000000,-0.044483308,-0.037574772,-0.044483308,-0.199052036,-0.199052036,-0.198066473
1764763373.272907,1.000000000,1.000000000,-0.044483766,-0.037607957,-0.044483766,-0.198687062,-0.198687062,-0.198151112
1764763373.284054,1.000000000,1.000000000,-0.044494029,-0.037561271,-0.044494029,-0.198780075,-0.198780075,-0.198135257
1764763373.294853,1.000000000,1.000000000,-0.044504490,-0.037500504,-0.044504490,-0.198874637,-0.198874637,-0.198305249
1764763373.306149,1.000000000,1.000000000,-0.044517491,-0.037532922,-0.044517491,-0.198483557,-0.198483557,-0.198570728
1764763373.317000,1.000000000,1.000000000,-0.044528358,-0.037602462,-0.044528358,-0.198559254,-0.198559254,-0.198686481
1764763373.328175,1.000000000,1.000000000,-0.044545669,-0.037566163,-0.044545669,-0.198562875,-0.198562875,-0.198776007
1764763373.339212,1.000000000,1.000000000,-0.044556770,-0.037580714,-0.044556770,-0.198634520,-0.198634520,-0.198827624
1764763373.350386,1.000000000,1.000000000,-0.044505130,-0.037593022,-0.044505130,-0.198260307,-0.198260307,-0.198837280
1764763373.360932,1.000000000,1.000000000,-0.044513445,-0.037600975,-0.044513445,-0.198311165,-0.198311165,-0.198875189
1764763373.372133,1.000000000,1.000000000,-0.044551492,-0.037623491,-0.044551492,-0.197908461,-0.197908461,-0.198842168
1764763373.383160,1.000000000,1.000000000,-0.044561971,-0.037646081,-0.044561971,-0.197941244,-0.197941244,-0.198878884
1764763373.394529,1.000000000,1.000000000,-0.044023037,-0.037648913,-0.044023037,-0.196531311,-0.196531311,-0.198935747
1764763373.405243,1.000000000,1.000000000,-0.044008590,-0.037670430,-0.044008590,-0.196490616,-0.196490616,-0.198922038
1764763373.416322,1.000000000,1.000000000,-0.044097017,-0.037704289,-0.044097017,-0.196289048,-0.196289048,-0.198961258
1764763373.427395,1.000000000,1.000000000,-0.044087157,-0.037722133,-0.044087157,-0.196240470,-0.196240470,-0.198878527
1764763373.438360,1.000000000,1.000000000,-0.044113901,-0.037764717,-0.044113901,-0.196194455,-0.196194455,-0.198775053
1764763373.449524,1.000000000,1.000000000,-0.044105593,-0.037760530,-0.044105593,-0.196145460,-0.196145460,-0.198711276
1764763373.460586,1.000000000,1.000000000,-0.043919723,-0.037765183,-0.043919723,-0.194743231,-0.194743231,-0.198619604
1764763373.471418,1.000000000,1.000000000,-0.043903008,-0.037763756,-0.043903008,-0.194622725,-0.194622725,-0.198548913
1764763373.482516,1.000000000,1.000000000,-0.044024087,-0.037768543,-0.044024087,-0.195389330,-0.195389330,-0.198498249
1764763373.493199,1.000000000,1.000000000,-0.044013679,-0.037782285,-0.044013679,-0.195312738,-0.195312738,-0.198383093
1764763373.504486,1.000000000,1.000000000,-0.044154588,-0.037827473,-0.044154588,-0.195939183,-0.195939183,-0.198141694
1764763373.515285,1.000000000,1.000000000,-0.044150878,-0.037796531,-0.044150874,-0.195896029,-0.195896029,-0.198067069
1764763373.525919,1.000000000,1.000000000,-0.044147175,-0.037787475,-0.044147175,-0.195852950,-0.195852950,-0.197943568
1764763373.537087,1.000000000,1.000000000,-0.043918628,-0.037776701,-0.043918628,-0.196294591,-0.196294591,-0.197936416
1764763373.547966,1.000000000,1.000000000,-0.043905154,-0.037775241,-0.043905154,-0.196271226,-0.196271226,-0.197966814
1764763373.558923,1.000000000,1.000000000,-0.042744573,-0.037830126,-0.042744573,-0.196226373,-0.196226373,-0.197948337
1764763373.569793,1.000000000,1.000000000,-0.042680666,-0.037837092,-0.042680666,-0.196196005,-0.196196005,-0.198025584
1764763373.581001,1.000000000,1.000000000,-0.043273456,-0.037823569,-0.043273456,-0.196389705,-0.196389705,-0.198006272
1764763373.591943,1.000000000,1.000000000,-0.043238021,-0.037881225,-0.043238021,-0.196372345,-0.196372345,-0.198016047
1764763373.603041,1.000000000,1.000000000,-0.043670177,-0.037914149,-0.043670177,-0.197151497,-0.197151497,-0.198030829
1764763373.614077,1.000000000,1.000000000,-0.043656036,-0.037897613,-0.043656036,-0.197172627,-0.197172627,-0.197988033
1764763373.624751,1.000000000,1.000000000,-0.043641761,-0.037880417,-0.043641761,-0.197193950,-0.197193950,-0.198044419
1764763373.635691,1.000000000,1.000000000,-0.044403665,-0.037875887,-0.044403665,-0.198233217,-0.198233217,-0.198111296
1764763373.646749,1.000000000,1.000000000,-0.044422593,-0.037867986,-0.044422589,-0.198302150,-0.198302150,-0.198170424
1764763373.658137,1.000000000,1.000000000,-0.045190003,-0.037883461,-0.045190003,-0.199357316,-0.199357316,-0.198216796
1764763373.668812,1.000000000,1.000000000,-0.045243770,-0.037887916,-0.045243766,-0.199481517,-0.199481517,-0.198385596
1764763373.679740,1.000000000,1.000000000,-0.044932451,-0.037839137,-0.044932451,-0.198612541,-0.198612541,-0.198448896
1764763373.690734,1.000000000,1.000000000,-0.044968341,-0.037785415,-0.044968341,-0.198687479,-0.198687479,-0.198622584
1764763373.701969,1.000000000,1.000000000,-0.044363715,-0.037763607,-0.044363715,-0.196918160,-0.196918160,-0.198903561
1764763373.712970,1.000000000,1.000000000,-0.044371296,-0.037767325,-0.044371296,-0.196900904,-0.196900904,-0.198983908
1764763373.724249,1.000000000,1.000000000,-0.043366570,-0.037761226,-0.043366570,-0.195992008,-0.195992008,-0.199049592
1764763373.735741,1.000000000,1.000000000,-0.043327279,-0.037779577,-0.043327279,-0.195930272,-0.195930272,-0.198978543
1764763373.746559,1.000000000,1.000000000,-0.043599024,-0.037824538,-0.043599021,-0.196633741,-0.196633741,-0.198858023
1764763373.757538,1.000000000,1.000000000,-0.043575443,-0.037832044,-0.043575443,-0.196611717,-0.196611717,-0.198785067
1764763373.768448,1.000000000,1.000000000,-0.043535288,-0.037856992,-0.043535288,-0.196284115,-0.196284115,-0.198635221
1764763373.779076,1.000000000,1.000000000,-0.043510862,-0.037842564,-0.043510862,-0.196247533,-0.196247533,-0.198524475
1764763373.790098,1.000000000,1.000000000,-0.043640312,-0.037859395,-0.043640312,-0.196413159,-0.196413159,-0.198544264
1764763373.800619,1.000000000,1.000000000,-0.043622427,-0.037880376,-0.043622427,-0.196384832,-0.196384832,-0.198492885
1764763373.811711,1.000000000,1.000000000,-0.043927185,-0.037861876,-0.043927185,-0.196510196,-0.196510196,-0.198474884
1764763373.822859,1.000000000,1.000000000,-0.043923814,-0.037867140,-0.043923814,-0.196490809,-0.196490809,-0.198450089
1764763373.833898,1.000000000,1.000000000,-0.044101935,-0.037924893,-0.044101935,-0.196464077,-0.196464077,-0.198397994
1764763373.844680,1.000000000,1.000000000,-0.044106565,-0.037904903,-0.044106565,-0.196445838,-0.196445838,-0.198444963
1764763373.855634,1.000000000,1.000000000,-0.044255596,-0.037876729,-0.044255596,-0.197040409,-0.197040409,-0.198399067
1764763373.866751,1.000000000,1.000000000,-0.044266749,-0.037877921,-0.044266749,-0.197051346,-0.197051346,-0.198388696
1764763373.878037,1.000000000,1.000000000,-0.044394635,-0.037872203,-0.044394635,-0.196441665,-0.196441665,-0.198459983
1764763373.888822,1.000000000,1.000000000,-0.044411298,-0.037883323,-0.044411298,-0.196424499,-0.196424499,-0.198418856
1764763373.899853,1.000000000,1.000000000,-0.044495665,-0.037872024,-0.044495665,-0.196880609,-0.196880609,-0.198489189
1764763373.910649,1.000000000,1.000000000,-0.044514809,-0.037857752,-0.044514809,-0.196885660,-0.196885660,-0.198549509
1764763373.921524,1.000000000,1.000000000,-0.044310443,-0.037863292,-0.044310443,-0.196388140,-0.196388140,-0.198453903
1764763373.932332,1.000000000,1.000000000,-0.044319432,-0.037878472,-0.044319432,-0.196368471,-0.196368471,-0.198460221
1764763373.943525,1.000000000,1.000000000,-0.044504713,-0.037879642,-0.044504713,-0.196814016,-0.196814016,-0.198521018
1764763373.954482,1.000000000,1.000000000,-0.044522040,-0.037870906,-0.044522040,-0.196816653,-0.196816653,-0.198440313
1764763373.965598,1.000000000,1.000000000,-0.044615116,-0.037885066,-0.044615116,-0.197114304,-0.197114304,-0.198453546
1764763373.976324,1.000000000,1.000000000,-0.044635877,-0.037905529,-0.044635877,-0.197131082,-0.197131082,-0.198500752
1764763373.987195,1.000000000,1.000000000,-0.044650789,-0.037914313,-0.044650789,-0.197312817,-0.197312817,-0.198407769
1764763373.998559,1.000000000,1.000000000,-0.044671200,-0.037900642,-0.044671200,-0.197337523,-0.197337523,-0.198474884
1764763374.009611,1.000000000,1.000000000,-0.045037314,-0.037876528,-0.045037314,-0.197944060,-0.197944060,-0.198563576
1764763374.020535,1.000000000,1.000000000,-0.045073833,-0.037907545,-0.045073833,-0.197998002,-0.197998002,-0.198515415
1764763374.031518,1.000000000,1.000000000,-0.045110643,-0.037897315,-0.045110643,-0.198052377,-0.198052377,-0.198641062
1764763374.042561,1.000000000,1.000000000,-0.045096878,-0.037886370,-0.045096878,-0.197932169,-0.197932169,-0.198629737
1764763374.053438,1.000000000,1.000000000,-0.045131743,-0.037885632,-0.045131743,-0.197985291,-0.197985291,-0.198683858
1764763374.064706,1.000000000,1.000000000,-0.045536384,-0.037866324,-0.045536384,-0.199201941,-0.199201941,-0.198809624
1764763374.075655,1.000000000,1.000000000,-0.045590177,-0.037859716,-0.045590177,-0.199316695,-0.199316695,-0.198810697
1764763374.086600,1.000000000,1.000000000,-0.045224294,-0.037847430,-0.045224294,-0.198128223,-0.198128223,-0.198886514
1764763374.097661,1.000000000,1.000000000,-0.045258466,-0.037807494,-0.045258466,-0.198178381,-0.198178381,-0.199074745
1764763374.108869,1.000000000,1.000000000,-0.044080403,-0.037811175,-0.044080403,-0.196297795,-0.196297795,-0.199103713
1764763374.119950,1.000000000,1.000000000,-0.044060085,-0.037806731,-0.044060085,-0.196253136,-0.196253136,-0.199204922
1764763374.131087,1.000000000,1.000000000,-0.043887984,-0.037838496,-0.043887984,-0.195408940,-0.195408940,-0.199210167
1764763374.141840,1.000000000,1.000000000,-0.043860275,-0.037935108,-0.043860275,-0.195321470,-0.195321470,-0.199089289
1764763374.152741,1.000000000,1.000000000,-0.043832008,-0.037955549,-0.043832008,-0.195065811,-0.195065811,-0.199014902
1764763374.163840,1.000000000,1.000000000,-0.043804564,-0.037977964,-0.043804564,-0.194968075,-0.194968075,-0.198777080
1764763374.174536,1.000000000,1.000000000,-0.043843146,-0.037979174,-0.043843146,-0.192730099,-0.192730099,-0.198530078
1764763374.185626,1.000000000,1.000000000,-0.043818764,-0.037964612,-0.043818764,-0.192529753,-0.192529753,-0.198447585
1764763374.196715,1.000000000,1.000000000,-0.044143062,-0.037973106,-0.044143062,-0.193673775,-0.193673775,-0.198157787
1764763374.207697,1.000000000,1.000000000,-0.044134039,-0.037991788,-0.044134039,-0.193532974,-0.193532974,-0.197899103
1764763374.219047,1.000000000,1.000000000,-0.044353824,-0.038005546,-0.044353824,-0.194488257,-0.194488257,-0.197534680
1764763374.229964,1.000000000,1.000000000,-0.044355258,-0.038010169,-0.044355258,-0.194397017,-0.194397017,-0.197185993
1764763374.240786,1.000000000,1.000000000,-0.044158362,-0.037970200,-0.044158362,-0.195026472,-0.195026472,-0.196987391
1764763374.251716,1.000000000,1.000000000,-0.044150308,-0.037939657,-0.044150308,-0.194969952,-0.194969952,-0.196853518
1764763374.262689,1.000000000,1.000000000,-0.044646602,-0.037936684,-0.044646602,-0.197994143,-0.197994143,-0.196816683
1764763374.273680,1.000000000,1.000000000,-0.044662032,-0.037960436,-0.044662032,-0.198092431,-0.198092431,-0.196895480
1764763374.284631,1.000000000,1.000000000,-0.045225672,-0.037973933,-0.045225672,-0.198219150,-0.198219150,-0.196963668
1764763374.295808,1.000000000,1.000000000,-0.045266926,-0.037981939,-0.045266926,-0.198318526,-0.198318526,-0.197182655
1764763374.307105,1.000000000,1.000000000,-0.045195859,-0.037942477,-0.045195859,-0.200068742,-0.200068742,-0.197429895
1764763374.318154,1.000000000,1.000000000,-0.045234125,-0.037934646,-0.045234125,-0.200258121,-0.200258121,-0.197672606
1764763374.329103,1.000000000,1.000000000,-0.045050908,-0.037917409,-0.045050908,-0.199312508,-0.199312508,-0.198014617
1764763374.340319,1.000000000,1.000000000,-0.045078442,-0.037891392,-0.045078442,-0.199441716,-0.199441716,-0.198345661
1764763374.351517,1.000000000,1.000000000,-0.044988606,-0.037914861,-0.044988606,-0.198550954,-0.198550954,-0.198693633
1764763374.362426,1.000000000,1.000000000,-0.045010988,-0.037899930,-0.045010988,-0.198629126,-0.198629126,-0.198980451
1764763374.373629,1.000000000,1.000000000,-0.044434410,-0.037948925,-0.044434410,-0.197485954,-0.197485954,-0.199177861
1764763374.384333,1.000000000,1.000000000,-0.044429183,-0.037937570,-0.044429183,-0.197500795,-0.197500795,-0.199221253
1764763374.395667,1.000000000,1.000000000,-0.044824623,-0.037922353,-0.044824623,-0.199359015,-0.199359015,-0.199181199
1764763374.406416,1.000000000,1.000000000,-0.044839144,-0.037915409,-0.044839144,-0.199475065,-0.199475065,-0.199131370
1764763374.417063,1.000000000,1.000000000,-0.044853628,-0.037932359,-0.044853628,-0.199590176,-0.199590176,-0.199109793
1764763374.428151,1.000000000,1.000000000,-0.044925280,-0.037959840,-0.044925280,-0.198974311,-0.198974311,-0.199081063
1764763374.439027,1.000000000,1.000000000,-0.044942323,-0.037962768,-0.044942323,-0.199058130,-0.199058130,-0.199169159
1764763374.450132,1.000000000,1.000000000,-0.044176333,-0.037946150,-0.044176333,-0.193534493,-0.193534493,-0.199238300
1764763374.460996,1.000000000,1.000000000,-0.044158675,-0.037952099,-0.044158675,-0.193354964,-0.193354964,-0.199210882
1764763374.472376,1.000000000,1.000000000,-0.044435810,-0.037962258,-0.044435810,-0.194454819,-0.194454819,-0.199280620
1764763374.483013,1.000000000,1.000000000,-0.044431325,-0.038005516,-0.044431325,-0.194337711,-0.194337711,-0.199020863
1764763374.493953,1.000000000,1.000000000,-0.044639762,-0.038023729,-0.044639762,-0.195150003,-0.195150003,-0.198481917
1764763374.504946,1.000000000,1.000000000,-0.044644933,-0.037983373,-0.044644933,-0.195078969,-0.195078969,-0.198059440
1764763374.515856,1.000000000,1.000000000,-0.044650156,-0.037990369,-0.044650156,-0.195007443,-0.195007443,-0.197697163
1764763374.526973,1.000000000,1.000000000,-0.044821378,-0.037960637,-0.044821378,-0.195576325,-0.195576325,-0.197466493
1764763374.538124,1.000000000,1.000000000,-0.044924524,-0.037919480,-0.044924524,-0.196005359,-0.196005359,-0.197445273
1764763374.549102,1.000000000,1.000000000,-0.044941604,-0.037963558,-0.044941600,-0.195986673,-0.195986673,-0.197399616
1764763374.560060,1.000000000,1.000000000,-0.044958379,-0.037979193,-0.044958379,-0.195968270,-0.195968270,-0.197463989
1764763374.570952,1.000000000,1.000000000,-0.044714738,-0.037944775,-0.044714738,-0.192870617,-0.192870617,-0.197476268
1764763374.582043,1.000000000,1.000000000,-0.044719458,-0.037933648,-0.044719458,-0.192700461,-0.192700461,-0.197490215
1764763374.593073,1.000000000,1.000000000,-0.044519156,-0.037933517,-0.044519156,-0.193952352,-0.193952352,-0.197551608
1764763374.603926,1.000000000,1.000000000,-0.044514563,-0.037953079,-0.044514563,-0.193847314,-0.193847314,-0.197431922
1764763374.615132,1.000000000,1.000000000,-0.045020394,-0.037993204,-0.045020394,-0.197478190,-0.197478190,-0.197107077
1764763374.626174,1.000000000,1.000000000,-0.045040488,-0.037976041,-0.045040488,-0.197559148,-0.197559148,-0.196934938
1764763374.637251,1.000000000,1.000000000,-0.045372061,-0.037971403,-0.045372061,-0.199413478,-0.199413478,-0.196801543
1764763374.648310,1.000000000,1.000000000,-0.045406986,-0.037984706,-0.045406986,-0.199577510,-0.199577510,-0.196995735
1764763374.659297,1.000000000,1.000000000,-0.045024570,-0.037953869,-0.045024570,-0.197075233,-0.197075233,-0.197292328
1764763374.670361,1.000000000,1.000000000,-0.045039304,-0.037948903,-0.045039304,-0.197098404,-0.197098404,-0.197697759
1764763374.681459,1.000000000,1.000000000,-0.044422470,-0.037939571,-0.044422470,-0.198053703,-0.198053703,-0.198107123
1764763374.692234,1.000000000,1.000000000,-0.044408418,-0.037964515,-0.044408418,-0.198125690,-0.198125690,-0.198387265
1764763374.703282,1.000000000,1.000000000,-0.044030063,-0.037967030,-0.044030063,-0.197047606,-0.197047606,-0.198410749
1764763374.714639,1.000000000,1.000000000,-0.043998711,-0.038002405,-0.043998711,-0.197053835,-0.197053835,-0.198489904
1764763374.725846,1.000000000,1.000000000,-0.044386379,-0.038008865,-0.044386379,-0.196607351,-0.196607351,-0.198446989
1764763374.736422,1.000000000,1.000000000,-0.044373810,-0.037990171,-0.044373810,-0.196588308,-0.196588308,-0.198412061
1764763374.747635,1.000000000,1.000000000,-0.044706099,-0.037990574,-0.044706099,-0.196775243,-0.196775243,-0.198364377
1764763374.758179,1.000000000,1.000000000,-0.044709519,-0.038019396,-0.044709519,-0.196762338,-0.196762338,-0.198319912
1764763374.769586,1.000000000,1.000000000,-0.045265958,-0.038049042,-0.045265958,-0.198172182,-0.198172182,-0.198324919
1764763374.780882,1.000000000,1.000000000,-0.045295045,-0.038046725,-0.045295045,-0.198237956,-0.198237956,-0.198325515
1764763374.791720,1.000000000,1.000000000,-0.045431502,-0.038026147,-0.045431502,-0.198956043,-0.198956043,-0.198372602
1764763374.802791,1.000000000,1.000000000,-0.045466624,-0.038012531,-0.045466624,-0.199061975,-0.199061975,-0.198344827
1764763374.814123,1.000000000,1.000000000,-0.045637466,-0.038040359,-0.045637466,-0.199303970,-0.199303970,-0.198375344
1764763374.825089,1.000000000,1.000000000,-0.045679674,-0.038033802,-0.045679674,-0.199422538,-0.199422538,-0.198486686
1764763374.836219,1.000000000,1.000000000,-0.045817632,-0.038013782,-0.045817632,-0.199382529,-0.199382529,-0.198548198
1764763374.846793,1.000000000,1.000000000,-0.045864113,-0.037973966,-0.045864113,-0.199495539,-0.199495539,-0.198580027
1764763374.858024,1.000000000,1.000000000,-0.045575015,-0.038000319,-0.045575015,-0.195125133,-0.195125133,-0.198757172
1764763374.868983,1.000000000,1.000000000,-0.045605857,-0.038012624,-0.045605857,-0.195015848,-0.195015848,-0.198843360
1764763374.879756,1.000000000,1.000000000,-0.045635961,-0.037969507,-0.045635961,-0.194909155,-0.194909155,-0.198873997
1764763374.890545,1.000000000,1.000000000,-0.045738779,-0.037950605,-0.045738779,-0.196418092,-0.196418092,-0.198844433
1764763374.901228,1.000000000,1.000000000,-0.045772523,-0.037974611,-0.045772523,-0.196388543,-0.196388543,-0.198640108
1764763374.912318,1.000000000,1.000000000,-0.045480452,-0.037962455,-0.045480452,-0.192851678,-0.192851678,-0.198371291
1764763374.923283,1.000000000,1.000000000,-0.045500021,-0.037948262,-0.045500021,-0.192645356,-0.192645356,-0.198256612
1764763374.934155,1.000000000,1.000000000,-0.045616817,-0.037916038,-0.045616817,-0.195425212,-0.195425212,-0.198151231
1764763374.945043,1.000000000,1.000000000,-0.045640394,-0.037892446,-0.045640394,-0.195367515,-0.195367515,-0.197921753
1764763374.956085,1.000000000,1.000000000,-0.045663964,-0.037933979,-0.045663964,-0.195309818,-0.195309818,-0.197646737
1764763374.966923,1.000000000,1.000000000,-0.045744151,-0.037949875,-0.045744151,-0.195782885,-0.195782885,-0.197304368
1764763374.977888,1.000000000,1.000000000,-0.045770787,-0.037921611,-0.045770787,-0.195752859,-0.195752859,-0.197326422
1764763374.988689,1.000000000,1.000000000,-0.045784615,-0.037834182,-0.045784615,-0.196110263,-0.196110263,-0.197288394
1764763374.999672,1.000000000,1.000000000,-0.045810841,-0.037833568,-0.045810841,-0.196096644,-0.196096644,-0.197197914
1764763375.010473,1.000000000,1.000000000,-0.044719428,-0.037852652,-0.044719428,-0.196226865,-0.196226865,-0.197285652
1764763375.021181,1.000000000,1.000000000,-0.044695199,-0.037905432,-0.044695199,-0.196216553,-0.196216553,-0.197375417
1764763375.032410,1.000000000,1.000000000,-0.044042353,-0.037867937,-0.044042353,-0.197513148,-0.197513148,-0.197369814
1764763375.043193,1.000000000,1.000000000,-0.043989073,-0.037868891,-0.043989073,-0.197566405,-0.197566405,-0.197458029
1764763375.054317,1.000000000,1.000000000,-0.043605663,-0.037945703,-0.043605663,-0.197827682,-0.197827682,-0.197485447
1764763375.065155,1.000000000,1.000000000,-0.043537110,-0.038041573,-0.043537110,-0.197887376,-0.197887376,-0.197516799
1764763375.076230,1.000000000,1.000000000,-0.043516371,-0.038061824,-0.043516371,-0.197872639,-0.197872639,-0.197636604
1764763375.086907,1.000000000,1.000000000,-0.043561623,-0.038049653,-0.043561623,-0.197888419,-0.197888419,-0.197851896
1764763375.097965,1.000000000,1.000000000,-0.043501966,-0.038071621,-0.043501966,-0.197939128,-0.197939128,-0.197987556
1764763375.108669,1.000000000,1.000000000,-0.043441672,-0.038127325,-0.043441672,-0.197990403,-0.197990403,-0.198011041
1764763375.119636,1.000000000,1.000000000,-0.043465123,-0.038147479,-0.043465123,-0.198781818,-0.198781818,-0.198113680
1764763375.130335,1.000000000,1.000000000,-0.043408267,-0.038159914,-0.043408267,-0.198872134,-0.198872134,-0.198240876
1764763375.141471,1.000000000,1.000000000,-0.043632373,-0.038159564,-0.043632373,-0.198412254,-0.198412254,-0.198313832
1764763375.152060,1.000000000,1.000000000,-0.043587841,-0.038171716,-0.043587841,-0.198473692,-0.198473692,-0.198356748
1764763375.163141,1.000000000,1.000000000,-0.044492248,-0.038189620,-0.044492248,-0.198998913,-0.198998913,-0.198465824
1764763375.173821,1.000000000,1.000000000,-0.044490173,-0.038235780,-0.044490173,-0.199089676,-0.199089676,-0.198530316
1764763375.184934,1.000000000,1.000000000,-0.044409499,-0.038152240,-0.044409499,-0.197367057,-0.197367057,-0.198566914
1764763375.195776,1.000000000,1.000000000,-0.044403367,-0.038108859,-0.044403367,-0.197370231,-0.197370231,-0.198648691
1764763375.206719,1.000000000,1.000000000,-0.045114458,-0.038124859,-0.045114458,-0.197153375,-0.197153375,-0.198735237
1764763375.217567,1.000000000,1.000000000,-0.045140896,-0.038155984,-0.045140896,-0.197149277,-0.197149277,-0.198718071
1764763375.228703,1.000000000,1.000000000,-0.044469260,-0.038166590,-0.044469260,-0.192980826,-0.192980826,-0.198676109
1764763375.239702,1.000000000,1.000000000,-0.044464186,-0.038094431,-0.044464186,-0.192768425,-0.192768425,-0.198685646
1764763375.250702,1.000000000,1.000000000,-0.045148585,-0.038062733,-0.045148585,-0.194178566,-0.194178566,-0.198706508
1764763375.261652,1.000000000,1.000000000,-0.045174759,-0.038104255,-0.045174759,-0.194044322,-0.194044322,-0.198435903
1764763375.273100,1.000000000,1.000000000,-0.045351882,-0.038107499,-0.045351882,-0.190892562,-0.190892547,-0.198032379
1764763375.284088,1.000000000,1.000000000,-0.045386259,-0.038097721,-0.045386259,-0.190593660,-0.190593660,-0.197536826
1764763375.295056,1.000000000,1.000000000,-0.045763899,-0.038078189,-0.045763899,-0.194065735,-0.194065735,-0.197262287
1764763375.306163,1.000000000,1.000000000,-0.045812398,-0.038023684,-0.045812398,-0.193964064,-0.193964064,-0.196859121
1764763375.317288,1.000000000,1.000000000,-0.046051588,-0.037954897,-0.046051588,-0.196292460,-0.196292460,-0.196173072
1764763375.328243,1.000000000,1.000000000,-0.046109810,-0.037943691,-0.046109810,-0.196313933,-0.196313933,-0.195942760
1764763375.339710,1.000000000,1.000000000,-0.046238162,-0.037914932,-0.046238162,-0.197571456,-0.197571456,-0.195919633
1764763375.350313,1.000000000,1.000000000,-0.046300646,-0.037862569,-0.046300646,-0.197657526,-0.197657526,-0.195975423
1764763375.360902,1.000000000,1.000000000,-0.046361025,-0.037749406,-0.046361025,-0.197740644,-0.197740644,-0.196167111
1764763375.371930,1.000000000,1.000000000,-0.046291571,-0.037714776,-0.046291571,-0.198931023,-0.198931023,-0.196676135
1764763375.383023,1.000000000,1.000000000,-0.046347659,-0.037753332,-0.046347659,-0.199067935,-0.199067935,-0.196907997
1764763375.394149,1.000000000,1.000000000,-0.045350481,-0.037686747,-0.045350481,-0.199332178,-0.199332178,-0.197199941
1764763375.404983,1.000000000,1.000000000,-0.045361590,-0.037641779,-0.045361590,-0.199478790,-0.199478790,-0.197519302
1764763375.416074,1.000000000,1.000000000,-0.045559641,-0.037681647,-0.045559641,-0.199633554,-0.199633554,-0.197801828
1764763375.427108,1.000000000,1.000000000,-0.045579642,-0.037741628,-0.045579642,-0.199782953,-0.199782953,-0.198129773
1764763375.438067,1.000000000,1.000000000,-0.044126857,-0.037768953,-0.044126857,-0.198755875,-0.198755875,-0.198307037
1764763375.448985,1.000000000,1.000000000,-0.044080593,-0.037725136,-0.044080593,-0.198845938,-0.198845938,-0.198593140
1764763375.459884,1.000000000,1.000000000,-0.043933388,-0.037759531,-0.043933388,-0.198097140,-0.198097140,-0.198751807
1764763375.470798,1.000000000,1.000000000,-0.043882560,-0.037860960,-0.043882560,-0.198144957,-0.198144957,-0.198754787
1764763375.481830,1.000000000,1.000000000,-0.044457238,-0.037883572,-0.044457238,-0.198103070,-0.198103070,-0.198781013
1764763375.492893,1.000000000,1.000000000,-0.044434562,-0.037907239,-0.044434562,-0.198150083,-0.198150083,-0.198759198
1764763375.503762,1.000000000,1.000000000,-0.044466320,-0.037917834,-0.044466320,-0.197493419,-0.197493419,-0.198743582
1764763375.514973,1.000000000,1.000000000,-0.044446249,-0.037852362,-0.044446249,-0.197508410,-0.197508410,-0.198775291
1764763375.526143,1.000000000,1.000000000,-0.044620063,-0.037836690,-0.044620059,-0.196224615,-0.196224615,-0.198762059
1764763375.536997,1.000000000,1.000000000,-0.044608098,-0.037910357,-0.044608098,-0.196171626,-0.196171626,-0.198760509
1764763375.548149,1.000000000,1.000000000,-0.043999784,-0.037934899,-0.043999784,-0.195578039,-0.195578039,-0.198769569
1764763375.559143,1.000000000,1.000000000,-0.043959547,-0.037950765,-0.043959547,-0.195501074,-0.195501074,-0.198604584
1764763375.570138,1.000000000,1.000000000,-0.044140287,-0.037921675,-0.044140287,-0.195234761,-0.195234761,-0.198480964
1764763375.581110,1.000000000,1.000000000,-0.044110347,-0.037938707,-0.044110347,-0.195145130,-0.195145130,-0.198353410
1764763375.592115,1.000000000,1.000000000,-0.044150088,-0.037923004,-0.044150088,-0.195867047,-0.195867047,-0.198253870
1764763375.603093,1.000000000,1.000000000,-0.044123538,-0.037932459,-0.044123538,-0.195817932,-0.195817932,-0.198115349
1764763375.614318,1.000000000,1.000000000,-0.044384044,-0.037957724,-0.044384044,-0.195525989,-0.195525989,-0.198042393
1764763375.625122,1.000000000,1.000000000,-0.044369668,-0.037976149,-0.044369668,-0.195459217,-0.195459217,-0.197981954
1764763375.635617,1.000000000,1.000000000,-0.044355758,-0.037959117,-0.044355758,-0.195394590,-0.195394590,-0.197977185
1764763375.646639,1.000000000,1.000000000,-0.043528706,-0.037988808,-0.043528706,-0.194339320,-0.194339320,-0.197960138
1764763375.657627,1.000000000,1.000000000,-0.043478210,-0.038028650,-0.043478210,-0.194219604,-0.194219604,-0.197901130
1764763375.668760,1.000000000,1.000000000,-0.043949459,-0.038042840,-0.043949459,-0.194544062,-0.194544062,-0.197905779
1764763375.679235,1.000000000,1.000000000,-0.043921739,-0.038041137,-0.043921739,-0.194442123,-0.194442123,-0.197749496
1764763375.690525,1.000000000,1.000000000,-0.044599079,-0.038056321,-0.044599079,-0.195079669,-0.195079669,-0.197605014
1764763375.701352,1.000000000,1.000000000,-0.044603340,-0.038074870,-0.044603340,-0.195011765,-0.195011765,-0.197529793
1764763375.712507,1.000000000,1.000000000,-0.045243893,-0.038089905,-0.045243893,-0.196591079,-0.196591079,-0.197394609
1764763375.723189,1.000000000,1.000000000,-0.045276821,-0.038070194,-0.045276821,-0.196606249,-0.196606249,-0.197332501
1764763375.734323,1.000000000,1.000000000,-0.045198698,-0.038027696,-0.045198698,-0.196826667,-0.196826667,-0.197331905
1764763375.745084,1.000000000,1.000000000,-0.045226339,-0.037999660,-0.045226336,-0.196849108,-0.196849108,-0.197377682
1764763375.756212,1.000000000,1.000000000,-0.045012519,-0.038037837,-0.045012519,-0.198349655,-0.198349655,-0.197489381
1764763375.767150,1.000000000,1.000000000,-0.045029480,-0.038057670,-0.045029480,-0.198448926,-0.198448926,-0.197600007
1764763375.777948,1.000000000,1.000000000,-0.044898663,-0.038046889,-0.044898663,-0.199052304,-0.199052304,-0.197594285
1764763375.788963,1.000000000,1.000000000,-0.044908907,-0.038058292,-0.044908907,-0.199176371,-0.199176371,-0.197819471
1764763375.799908,1.000000000,1.000000000,-0.044841096,-0.038085770,-0.044841096,-0.198283195,-0.198283195,-0.198020458
1764763375.810899,1.000000000,1.000000000,-0.044847492,-0.038093276,-0.044847492,-0.198357016,-0.198357016,-0.198228717
1764763375.821927,1.000000000,1.000000000,-0.043959584,-0.038038362,-0.043959584,-0.197573230,-0.197573230,-0.198459029
1764763375.832935,1.000000000,1.000000000,-0.043925017,-0.038086932,-0.043925017,-0.197603941,-0.197603941,-0.198556304
1764763375.844041,1.000000000,1.000000000,-0.044296905,-0.038104627,-0.044296905,-0.197251514,-0.197251514,-0.198606133
1764763375.854973,1.000000000,1.000000000,-0.044280142,-0.038107172,-0.044280142,-0.197262585,-0.197262585,-0.198577762
1764763375.866106,1.000000000,1.000000000,-0.043702796,-0.038085435,-0.043702796,-0.197074592,-0.197074592,-0.198579550
1764763375.877034,1.000000000,1.000000000,-0.043660752,-0.038090400,-0.043660752,-0.197074622,-0.197074622,-0.198605299
1764763375.887891,1.000000000,1.000000000,-0.043618657,-0.038097441,-0.043618657,-0.197074652,-0.197074652,-0.198601007
1764763375.898945,1.000000000,1.000000000,-0.043946482,-0.038134109,-0.043946482,-0.197902769,-0.197902769,-0.198580861
1764763375.909736,1.000000000,1.000000000,-0.043920048,-0.038163122,-0.043920048,-0.197949857,-0.197949857,-0.198614955
1764763375.920851,1.000000000,1.000000000,-0.044469807,-0.038159609,-0.044469807,-0.196692452,-0.196692452,-0.198613644
1764763375.931571,1.000000000,1.000000000,-0.044469807,-0.038164522,-0.044469073,-0.196676567,-0.196676567,-0.198631406
1764763375.942576,1.000000000,1.000000000,-0.044651106,-0.038180776,-0.044651106,-0.196881309,-0.196881309,-0.198643804
1764763375.953545,1.000000000,1.000000000,-0.044658769,-0.038151357,-0.044658769,-0.196875319,-0.196875319,-0.198577285
1764763375.964701,1.000000000,1.000000000,-0.044059340,-0.038123839,-0.044059340,-0.192741349,-0.192741349,-0.198579073
1764763375.975674,1.000000000,1.000000000,-0.044040252,-0.038167991,-0.044040252,-0.192531735,-0.192531735,-0.198568344
1764763375.987020,1.000000000,1.000000000,-0.044369109,-0.038165379,-0.044369109,-0.194476172,-0.194476172,-0.198586702
1764763375.997936,1.000000000,1.000000000,-0.044365823,-0.038202021,-0.044365823,-0.194369718,-0.194369718,-0.198287368
1764763376.008985,1.000000000,1.000000000,-0.044362627,-0.038192905,-0.044362627,-0.194265068,-0.194265068,-0.197883010
1764763376.019806,1.000000000,1.000000000,-0.044641249,-0.038180109,-0.044641249,-0.196258754,-0.196258754,-0.197528720
1764763376.030456,1.000000000,1.000000000,-0.044649821,-0.038149346,-0.044649821,-0.196251512,-0.196251512,-0.197261930
1764763376.041454,1.000000000,1.000000000,-0.045116231,-0.038116410,-0.045116231,-0.198162988,-0.198162988,-0.197085619
1764763376.051949,1.000000000,1.000000000,-0.045144662,-0.038085099,-0.045144662,-0.198247597,-0.198247597,-0.197166085
1764763376.063100,1.000000000,1.000000000,-0.045373913,-0.038120776,-0.045373913,-0.198467866,-0.198467866,-0.197162390
1764763376.074043,1.000000000,1.000000000,-0.045411978,-0.038107395,-0.045411978,-0.198564351,-0.198564351,-0.197399378
1764763376.085075,1.000000000,1.000000000,-0.045182433,-0.038053732,-0.045182433,-0.199356109,-0.199356109,-0.197686553
1764763376.096191,1.000000000,1.000000000,-0.045208927,-0.038037356,-0.045208927,-0.199487418,-0.199487418,-0.197924018
1764763376.107077,1.000000000,1.000000000,-0.044146832,-0.038027197,-0.044146832,-0.198095024,-0.198095024,-0.198207378
1764763376.118055,1.000000000,1.000000000,-0.044124078,-0.038061317,-0.044124078,-0.198151052,-0.198151052,-0.198394537
1764763376.129556,1.000000000,1.000000000,-0.043357503,-0.038032833,-0.043357503,-0.197045460,-0.197045460,-0.198578119
1764763376.140501,1.000000000,1.000000000,-0.043300249,-0.038056850,-0.043300249,-0.197038159,-0.197038159,-0.198668957
1764763376.151576,1.000000000,1.000000000,-0.043194048,-0.038134050,-0.043194048,-0.196313798,-0.196313798,-0.198641777
1764763376.162474,1.000000000,1.000000000,-0.043135528,-0.038199935,-0.043135528,-0.196266919,-0.196266919,-0.198673368
1764763376.173505,1.000000000,1.000000000,-0.043165792,-0.038216215,-0.043165792,-0.196392372,-0.196392372,-0.198610902
1764763376.184482,1.000000000,1.000000000,-0.043111414,-0.038224611,-0.043111414,-0.196354374,-0.196354374,-0.198499680
1764763376.195184,1.000000000,1.000000000,-0.043057475,-0.038217027,-0.043057475,-0.196316630,-0.196316630,-0.198470950
1764763376.206548,1.000000000,1.000000000,-0.043994825,-0.038235575,-0.043994825,-0.198007196,-0.198007196,-0.198428631
1764763376.217195,1.000000000,1.000000000,-0.043983690,-0.038247000,-0.043983690,-0.198055744,-0.198055744,-0.198397040
1764763376.228169,1.000000000,1.000000000,-0.044791937,-0.038258556,-0.044791937,-0.197506025,-0.197506025,-0.198394656
1764763376.239078,1.000000000,1.000000000,-0.044816323,-0.038253367,-0.044816323,-0.197526798,-0.197526798,-0.198470354
1764763376.250027,1.000000000,1.000000000,-0.044355955,-0.038225193,-0.044355955,-0.196437001,-0.196437001,-0.198474407
1764763376.260891,1.000000000,1.000000000,-0.044359311,-0.038177464,-0.044359311,-0.196402222,-0.196402222,-0.198501229
1764763376.272030,1.000000000,1.000000000,-0.044820715,-0.038149338,-0.044820715,-0.196712255,-0.196712255,-0.198508501
1764763376.283088,1.000000000,1.000000000,-0.044844259,-0.038153302,-0.044844259,-0.196693838,-0.196693838,-0.198444128
1764763376.294081,1.000000000,1.000000000,-0.045158666,-0.038188241,-0.045158666,-0.196865931,-0.196865931,-0.198431730
1764763376.305098,1.000000000,1.000000000,-0.045194890,-0.038168818,-0.045194890,-0.196857318,-0.196857318,-0.198430896
1764763376.316311,1.000000000,1.000000000,-0.045292199,-0.038161062,-0.045292199,-0.198381290,-0.198381290,-0.198431730
1764763376.327154,1.000000000,1.000000000,-0.045331530,-0.038154155,-0.045331530,-0.198452324,-0.198452324,-0.198439717
1764763376.337782,1.000000000,1.000000000,-0.045438275,-0.038136799,-0.045438275,-0.198273674,-0.198273674,-0.198436975
1764763376.349003,1.000000000,1.000000000,-0.045479726,-0.038124155,-0.045479726,-0.198330820,-0.198330820,-0.198492050
1764763376.360072,1.000000000,1.000000000,-0.044631217,-0.038096499,-0.044631217,-0.198084682,-0.198084682,-0.198590994
1764763376.370896,1.000000000,1.000000000,-0.044631217,-0.038125861,-0.044632204,-0.198127463,-0.198127463,-0.198644042
1764763376.381681,1.000000000,1.000000000,-0.044632204,-0.038121231,-0.044633172,-0.198169440,-0.198169440,-0.198695898
1764763376.393080,1.000000000,1.000000000,-0.044021688,-0.038139246,-0.044021688,-0.197980046,-0.197980046,-0.198713422
1764763376.403829,1.000000000,1.000000000,-0.043994866,-0.038162686,-0.043994866,-0.198013544,-0.198013544,-0.198697209
1764763376.414936,1.000000000,1.000000000,-0.043648742,-0.038150206,-0.043648742,-0.197818547,-0.197818547,-0.198723316
1764763376.426084,1.000000000,1.000000000,-0.043608751,-0.038191661,-0.043608751,-0.197840109,-0.197840109,-0.198783994
1764763376.437357,1.000000000,1.000000000,-0.044729371,-0.038212713,-0.044729371,-0.197971374,-0.197971374,-0.198732257
1764763376.448683,1.000000000,1.000000000,-0.044741232,-0.038186502,-0.044741232,-0.198000968,-0.198000968,-0.198751450
1764763376.459820,1.000000000,1.000000000,-0.044180717,-0.038194124,-0.044180717,-0.197785750,-0.197785750,-0.198787689
1764763376.470777,1.000000000,1.000000000,-0.044166561,-0.038171951,-0.044166561,-0.197803289,-0.197803289,-0.198763251
1764763376.481967,1.000000000,1.000000000,-0.044638902,-0.038159147,-0.044638902,-0.198655784,-0.198655784,-0.198803782
1764763376.492821,1.000000000,1.000000000,-0.044647504,-0.038133193,-0.044647504,-0.198718220,-0.198718220,-0.198849320
1764763376.503838,1.000000000,1.000000000,-0.044975657,-0.038168821,-0.044975657,-0.199058190,-0.199058190,-0.198763728
1764763376.515125,1.000000000,1.000000000,-0.044999003,-0.038155176,-0.044999003,-0.199137509,-0.199137509,-0.198855877
1764763376.526185,1.000000000,1.000000000,-0.045149893,-0.038129222,-0.045149893,-0.199076653,-0.199076653,-0.198981524
1764763376.536917,1.000000000,1.000000000,-0.045179609,-0.038131535,-0.045179609,-0.199152038,-0.199152038,-0.198989034
1764763376.547786,1.000000000,1.000000000,-0.045209061,-0.038114209,-0.045209061,-0.199226469,-0.199226469,-0.199071765
1764763376.558870,1.000000000,1.000000000,-0.045240972,-0.038103830,-0.045240972,-0.199046537,-0.199046537,-0.199197650
1764763376.569572,1.000000000,1.000000000,-0.045271698,-0.038101029,-0.045271698,-0.199112639,-0.199112639,-0.199193001
1764763376.580602,1.000000000,1.000000000,-0.044499025,-0.038044855,-0.044499025,-0.197832167,-0.197832167,-0.199272275
1764763376.591640,1.000000000,1.000000000,-0.044493530,-0.038076550,-0.044493530,-0.197831750,-0.197831750,-0.199310899
1764763376.602619,1.000000000,1.000000000,-0.044845600,-0.038110673,-0.044845600,-0.197966263,-0.197966263,-0.199317455
1764763376.613514,1.000000000,1.000000000,-0.044856507,-0.038130194,-0.044856507,-0.197973803,-0.197973803,-0.199234486
1764763376.624425,1.000000000,1.000000000,-0.044735394,-0.038167678,-0.044735394,-0.198267952,-0.198267952,-0.199177146
1764763376.635257,1.000000000,1.000000000,-0.044741515,-0.038140029,-0.044741515,-0.198291764,-0.198291764,-0.199178457
1764763376.646461,1.000000000,1.000000000,-0.044518888,-0.038117148,-0.044518884,-0.196443304,-0.196443304,-0.199136376
1764763376.657057,1.000000000,1.000000000,-0.044514462,-0.038127370,-0.044514462,-0.196377069,-0.196377069,-0.199180484
1764763376.668727,1.000000000,1.000000000,-0.044115577,-0.038131714,-0.044115577,-0.194802269,-0.194802269,-0.199227214
1764763376.679472,1.000000000,1.000000000,-0.044092059,-0.038156155,-0.044092059,-0.194650799,-0.194650799,-0.199101686
1764763376.690508,1.000000000,1.000000000,-0.043877926,-0.038165051,-0.043877926,-0.193958819,-0.193958819,-0.198931932
1764763376.701429,1.000000000,1.000000000,-0.043846324,-0.038159188,-0.043846324,-0.193776876,-0.193776876,-0.198742986
1764763376.712305,1.000000000,1.000000000,-0.043706667,-0.038172491,-0.043706667,-0.193702593,-0.193702593,-0.198384762
1764763376.723336,1.000000000,1.000000000,-0.043670584,-0.038155958,-0.043670584,-0.193519443,-0.193519443,-0.198127031
1764763376.734718,1.000000000,1.000000000,-0.044422496,-0.038165253,-0.044422496,-0.194652095,-0.194652095,-0.197923660
1764763376.745521,1.000000000,1.000000000,-0.044421300,-0.038165059,-0.044421300,-0.194527030,-0.194527030,-0.197531462
1764763376.756354,1.000000000,1.000000000,-0.044135462,-0.038179748,-0.044135462,-0.194588333,-0.194588333,-0.197343946
1764763376.767320,1.000000000,1.000000000,-0.044121791,-0.038162313,-0.044121791,-0.194469050,-0.194469050,-0.197153330
1764763376.778255,1.000000000,1.000000000,-0.044108123,-0.038158938,-0.044108123,-0.194348842,-0.194348842,-0.197077036
1764763376.789443,1.000000000,1.000000000,-0.044579081,-0.038152508,-0.044579081,-0.196716756,-0.196716756,-0.197107792
1764763376.800086,1.000000000,1.000000000,-0.044585843,-0.038192004,-0.044585843,-0.196713641,-0.196713641,-0.197084188
1764763376.811174,1.000000000,1.000000000,-0.045219842,-0.038210910,-0.045219842,-0.197936088,-0.197936088,-0.197090745
1764763376.821690,1.000000000,1.000000000,-0.045253765,-0.038186703,-0.045253765,-0.197995141,-0.197995141,-0.197192192
1764763376.832690,1.000000000,1.000000000,-0.045390956,-0.038148012,-0.045390956,-0.198140830,-0.198140830,-0.197246432
1764763376.843303,1.000000000,1.000000000,-0.045429390,-0.038122468,-0.045429390,-0.198204800,-0.198204800,-0.197419286
1764763376.854239,1.000000000,1.000000000,-0.044719860,-0.038086861,-0.044719860,-0.197568879,-0.197568879,-0.197667837
1764763376.865311,1.000000000,1.000000000,-0.044725668,-0.038078599,-0.044725668,-0.197598308,-0.197598308,-0.197906852
1764763376.876217,1.000000000,1.000000000,-0.044267859,-0.038081251,-0.044267859,-0.197626784,-0.197626784,-0.198080182
1764763376.887104,1.000000000,1.000000000,-0.044252597,-0.038095567,-0.044252597,-0.197655633,-0.197655633,-0.198207736
1764763376.897879,1.000000000,1.000000000,-0.044286128,-0.038139939,-0.044286128,-0.198540032,-0.198540032,-0.198230982
1764763376.908897,1.000000000,1.000000000,-0.044273518,-0.038160890,-0.044273518,-0.198614672,-0.198614672,-0.198266506
1764763376.920056,1.000000000,1.000000000,-0.044185508,-0.038159870,-0.044185508,-0.197940335,-0.197940335,-0.198294520
1764763376.931254,1.000000000,1.000000000,-0.044169579,-0.038151138,-0.044169579,-0.197978646,-0.197978646,-0.198314190
1764763376.941600,1.000000000,1.000000000,-0.043892678,-0.038170572,-0.043892678,-0.196881011,-0.196881011,-0.198342085
1764763376.952748,1.000000000,1.000000000,-0.043865182,-0.038193457,-0.043865182,-0.196858779,-0.196858779,-0.198381543
1764763376.963293,1.000000000,1.000000000,-0.043836791,-0.038195323,-0.043836791,-0.196835756,-0.196835756,-0.198373675
1764763376.974546,1.000000000,1.000000000,-0.044194855,-0.038174786,-0.044194855,-0.197097093,-0.197097093,-0.198349118
1764763376.985280,1.000000000,1.000000000,-0.044869136,-0.038149517,-0.044869136,-0.197577745,-0.197577745,-0.198389173
1764763376.996346,1.000000000,1.000000000,-0.044889495,-0.038160853,-0.044889495,-0.197603121,-0.197603121,-0.198275447
1764763377.007617,1.000000000,1.000000000,-0.045320943,-0.038169362,-0.045320943,-0.197781891,-0.197781891,-0.198277116
1764763377.018592,1.000000000,1.000000000,-0.045362394,-0.038109433,-0.045362394,-0.197822213,-0.197822213,-0.198321342
1764763377.029534,1.000000000,1.000000000,-0.045929283,-0.038088277,-0.045929283,-0.197810799,-0.197810799,-0.198248744
1764763377.040413,1.000000000,1.000000000,-0.045994751,-0.038087651,-0.045994751,-0.197851241,-0.197851241,-0.198366523
1764763377.051227,1.000000000,1.000000000,-0.046058562,-0.038082570,-0.046058562,-0.197890550,-0.197890550,-0.198453665
1764763377.062207,1.000000000,1.000000000,-0.046360027,-0.038068637,-0.046360027,-0.197740048,-0.197740048,-0.198404074
1764763377.073113,1.000000000,1.000000000,-0.046435196,-0.038010955,-0.046435196,-0.197773054,-0.197773054,-0.198482156
1764763377.083981,1.000000000,1.000000000,-0.045342747,-0.037955299,-0.045342747,-0.196581155,-0.196581155,-0.198464751
1764763377.094932,1.000000000,1.000000000,-0.045365255,-0.037913211,-0.045365255,-0.196553603,-0.196553603,-0.198430657
1764763377.106235,1.000000000,1.000000000,-0.044623066,-0.037901983,-0.044623066,-0.195878282,-0.195878282,-0.198519588
1764763377.117290,1.000000000,1.000000000,-0.044611543,-0.037932158,-0.044611540,-0.195816502,-0.195816502,-0.198454857
1764763377.128059,1.000000000,1.000000000,-0.045388788,-0.037932489,-0.045388788,-0.195785984,-0.195785984,-0.198369026
1764763377.138914,1.000000000,1.000000000,-0.045411866,-0.037946768,-0.045411866,-0.195728004,-0.195728004,-0.198330998
1764763377.150018,1.000000000,1.000000000,-0.045459479,-0.037974708,-0.045459479,-0.196503878,-0.196503878,-0.198221564
1764763377.160885,1.000000000,1.000000000,-0.045484565,-0.037923019,-0.045484565,-0.196486220,-0.196486220,-0.198071599
1764763377.172393,1.000000000,1.000000000,-0.045096178,-0.037854183,-0.045096174,-0.196957216,-0.196957216,-0.198081017
1764763377.183386,1.000000000,1.000000000,-0.045102965,-0.037881926,-0.045102965,-0.196964681,-0.196964681,-0.198003531
1764763377.194116,1.000000000,1.000000000,-0.044432074,-0.037894674,-0.044432074,-0.196306169,-0.196306169,-0.198091388
1764763377.205013,1.000000000,1.000000000,-0.044407442,-0.037933998,-0.044407442,-0.196277067,-0.196277067,-0.198109150
1764763377.215977,1.000000000,1.000000000,-0.044000674,-0.037990708,-0.044000674,-0.195817202,-0.195817202,-0.198145390
1764763377.226938,1.000000000,1.000000000,-0.043957513,-0.038009312,-0.043957513,-0.195762426,-0.195762426,-0.198185921
1764763377.238339,1.000000000,1.000000000,-0.043915026,-0.038015258,-0.043915026,-0.195708483,-0.195708483,-0.198108792
1764763377.249216,1.000000000,1.000000000,-0.043927781,-0.037998274,-0.043927781,-0.196113184,-0.196113184,-0.198044062
1764763377.260108,1.000000000,1.000000000,-0.043886863,-0.037992470,-0.043886863,-0.196074769,-0.196074769,-0.198062897
1764763377.271007,1.000000000,1.000000000,-0.044187900,-0.038051438,-0.044187900,-0.197268158,-0.197268158,-0.197971702
1764763377.281936,1.000000000,1.000000000,-0.044163417,-0.038020335,-0.044163417,-0.197289214,-0.197289214,-0.197937131
1764763377.292915,1.000000000,1.000000000,-0.044954065,-0.038015533,-0.044954065,-0.198085815,-0.198085815,-0.197931767
1764763377.304016,1.000000000,1.000000000,-0.044966351,-0.038027313,-0.044966351,-0.198146522,-0.198146522,-0.197953582
1764763377.315312,1.000000000,1.000000000,-0.044800144,-0.037979465,-0.044800144,-0.197680354,-0.197680354,-0.198092818
1764763377.325999,1.000000000,1.000000000,-0.044804636,-0.037960816,-0.044804636,-0.197713360,-0.197713360,-0.198217154
1764763377.337038,1.000000000,1.000000000,-0.044384181,-0.037925854,-0.044384181,-0.196340337,-0.196340337,-0.198266864
1764763377.348230,1.000000000,1.000000000,-0.044368606,-0.037917878,-0.044368606,-0.196296528,-0.196296528,-0.198356390
1764763377.359385,1.000000000,1.000000000,-0.045128912,-0.037922714,-0.045128912,-0.187778652,-0.187778652,-0.198326230
1764763377.370209,1.000000000,1.000000000,-0.045159727,-0.037969764,-0.045159724,-0.187256992,-0.187256992,-0.198270559
1764763377.381362,1.000000000,1.000000000,-0.044849727,-0.037962779,-0.044849727,-0.191447094,-0.191447094,-0.198263764
1764763377.392358,1.000000000,1.000000000,-0.044862896,-0.037970409,-0.044862892,-0.191160247,-0.191160247,-0.197721362
1764763377.403544,1.000000000,1.000000000,-0.044755563,-0.037920605,-0.044755563,-0.195505336,-0.195505336,-0.196572185
1764763377.414642,1.000000000,1.000000000,-0.044761058,-0.037958331,-0.044761058,-0.195459798,-0.195459798,-0.195807457
1764763377.425866,1.000000000,1.000000000,-0.044362921,-0.037953604,-0.044362921,-0.196776524,-0.196776524,-0.195167542
1764763377.436966,1.000000000,1.000000000,-0.044348396,-0.037873276,-0.044348396,-0.196801454,-0.196801454,-0.195010781
1764763377.447966,1.000000000,1.000000000,-0.044326294,-0.037839338,-0.044326294,-0.198288277,-0.198288277,-0.195201993
1764763377.458862,1.000000000,1.000000000,-0.044311423,-0.037911437,-0.044311423,-0.198389128,-0.198389128,-0.195574164
1764763377.469829,1.000000000,1.000000000,-0.044222027,-0.037996665,-0.044222027,-0.198970273,-0.198970273,-0.195934653
1764763377.480828,1.000000000,1.000000000,-0.044203285,-0.037933975,-0.044203285,-0.199102223,-0.199102223,-0.196344376
1764763377.491383,1.000000000,1.000000000,-0.044184811,-0.037924368,-0.044184811,-0.199232519,-0.199232519,-0.196786761
1764763377.502488,1.000000000,1.000000000,-0.043939970,-0.037959591,-0.043939970,-0.199817166,-0.199817166,-0.197139502
1764763377.513525,1.000000000,1.000000000,-0.043910973,-0.038024709,-0.043910973,-0.199974164,-0.199974164,-0.197488189
